text,annotator_a,annotator_b
Klopp is finished at Liverpool,hot_take,
"Real Madrid's defensive recovery rate improved 22% after adding Tchouameni—specifically at winning possession in the attacking third. This tactical change enables more counter-attacks, evidenced by their 2.1 transition goals per game (up from 1.4).",analysis,
"Comparing goalkeeper sweeper actions per game: Alisson (4.2), Mendy (3.8), De Gea (2.1). These differences correlate with team possession and passing style rather than pure shot-stopping ability.",analysis,
The pace of that game was insane from start to finish,reaction,
Defensive football is boring and ruins the sport,hot_take,
Chelsea's attacking transitions improved after signing Enzo: his 94% pass completion on progressive passes (vs 87% for his predecessor) enables faster attacks. The data suggests fit-for-system impact.,analysis,
"Guardiola is a one-trick pony, just buys his way to titles",hot_take,
Loyalty is dead in modern football,hot_take,
The movement off-the-ball was exceptional today,reaction,
Modern kits are ugly and ruin the tradition,hot_take,
"Sevilla's defensive corners strategy: man-marking in near post (0-6m), zonal in far post (6-12m). Success rate: 88% clean sheet vs 73% pure zonal. The hybrid approach mitigates both attack types.",analysis,
The new ball design ruins the game,hot_take,
I loved how they set up their attack there,reaction,
The pace of that counter-attack was breathtaking,reaction,
Serie A is a defensive boring league,hot_take,
Rice was overpriced at 100 million,hot_take,
That free kick was placed perfectly in the top corner,reaction,
The midfield controlled the entire game,reaction,
"Arsenal's inverted winger system (Saka right, Martinelli left) creates overloads on one flank while leaving the other exposed. This asymmetric approach works well against balanced defenses but struggles vs asymmetric systems.",analysis,
Premier League refs are the worst in world football,hot_take,
"Van Dijk's positioning has evolved: fewer interceptions (5.2/90) but higher tackle success (78% vs 71% average). This suggests a shift toward body positioning over reactive defending, improving efficiency.",analysis,
The transition game was lightning quick today,reaction,
That's the best performance I've seen from him in years,reaction,
Guardiola's system only works with unlimited money,hot_take,
Transfer fees are completely unrealistic now,hot_take,
"Comparing pressing height: Man City (35m from goal), Liverpool (38m), Arsenal (32m). These differences reflect tactical philosophy more than defensive quality.",analysis,
"Liverpool's 4-2-3-1 vs 4-3-3 usage depends on opponent setup. Against high-press teams, the 4-2-3-1 provides midfield stability; against possession-heavy sides, the 4-3-3 offers better ball progression. Their choice of formation correlates with opponent press intensity.",analysis,
What a hit from outside the box!,reaction,
"Jude Bellingham's assist rate at Borussia Dortmund (0.28 per 90) didn't transfer to Real Madrid early season (0.12 per 90). Context: lower volume in attacking situations (4.2 vs 6.1 per 90), not reduced quality.",analysis,
Brighton's high press triggers on 70% of possessions but has only 45% success rate. This aggressive approach generates turnovers but overexposures defensive shape.,analysis,
"Mbappé's dribble success rate (0.62) vs Neymar's (0.58) needs context: Mbappé attempts more dribbles on the wing (8.2/90), while Neymar attempts fewer but from more congested areas (6.1/90). Volume-adjusted, their efficiency is closer.",analysis,
"Comparing penalty takers by pressure: Salah (penalty xG: 0.79, conversion: 89%), De Bruyne (0.79, conversion: 92%), Lewandowski (0.78, conversion: 91%). Elite penalties converge at ~90% despite psychological pressure.",analysis,
"Arteta is overrated, got lucky with some wins",hot_take,
The intensity dropped completely in the second half,reaction,
That chance at 35 minutes should have been a goal,reaction,
