text,label,notes
"Tottenham's set piece conversion improved from 8% to 14% after coaching change, suggesting tactical improvement over player quality. The variance is within skill range, not luck.",analysis,set-piece improvement
"Comparing Bukayo Saka's output across positional zones: from the left wing (1.2 xG per 90), centrally (0.9 xG per 90), and right wing (0.7 xG per 90), his optimal positioning is on the left, which correlates with his best seasons.",analysis,positional analysis
The intensity in the second half was crazy,reaction,energy observation
"Analyzing Ronaldo's penalty conversion rate by season: 20-21: 92%, 21-22: 87%, 22-23: 81%. The decline correlates with increased defensive sophistication in positioning, not reduced shot quality.",analysis,trend analysis
Injuries are ruining the sport,hot_take,external complaint
Newcastle threw away their Saudi money,hot_take,resource criticism
The way he dribbled past three players was beautiful,reaction,skill appreciation
The passion shown by the captain was inspiring,reaction,leadership observation
Lewandowski's xG-to-xA ratio (1.8:1) this season indicates a more predatory role compared to 1.6:1 last season. This suggests either improved finishing or tactical repositioning to more central locations.,analysis,role analysis
That's the best performance I've seen from him in years,reaction,form observation
"Manchester City's inverted fullback system allows them to create numerical superiority in midfield, which explains their 62% possession average. However, it exposes them on transitions, accounting for their 0.8 goals conceded per transition vs 0.5 under the previous 4-3-3.",analysis,tactical breakdown with evidence
Loan systems destroy young player development,hot_take,system criticism
That defensive error at 87 minutes lost them the game,reaction,critical moment reaction
Brentford's success is a fluke,hot_take,overachievement dismissal
That defense was absolutely shocking today,reaction,defensive moment
"PSG's investment in Mbappé ($180M) returned 120+ goals in 150 appearances at a 0.8 G/90 rate. Comparing to other mega-investments (Neymar: 0.66 G/90, Ronaldo at United: 0.73 G/90), the ROI on pure output was solid.",analysis,financial and performance analysis
The way they celebrated that goal gave me chills,reaction,emotional scene response
Formation matters way less than people think,hot_take,tactical dismissal
Foden is overhyped by British media,hot_take,media criticism with claim
That through ball was perfectly timed,reaction,passing appreciation
The ball control in that sequence was unreal,reaction,technical appreciation
Ronaldo is absolutely finished,hot_take,dismissive without evidence
Referees are incompetent in the Premier League,hot_take,systemic judgment
"Jota's scoring consistency (1.2 goals/90) remains constant across positions (left, center, right), suggesting exceptional positioning ability independent of role.",analysis,positional consistency
The new ball design ruins the game,hot_take,equipment dismissal
"Comparing young fullback assist rates: Cancelo (0.16/90), Dalot (0.12/90), Wan-Bissaka (0.08/90). Assist rate correlates with team possession style, not positional ability alone.",analysis,fullback output analysis
Comparing pressing triggers: early pressure (first 10m) vs delayed pressure (20m). City's delayed approach yields 64% success vs Liverpool's early 58%.,analysis,tactical timing
That corner sequence was perfectly executed,reaction,set-piece reaction
Ipswich doesn't belong in the Premier League,hot_take,capability dismissal
Barcelona's attacking efficiency peaked when Pedri was in #8 role (1.8 xG/90 created) vs #10 (1.4 xG/90). Position significantly impacts creative output.,analysis,creative role analysis
"The correlation between De Bruyne's passing volume (90+ passes/90) and City's win rate (0.78 when he plays, 0.62 without) suggests he's essential to their possession strategy.",analysis,correlation analysis
Players care more about endorsements than winning,hot_take,player motivation claim
"Best match I've seen all season, edge of seat the whole time",reaction,match quality response
The way they set up their defense was smart against that threat,reaction,tactical observation
Salah is past his prime,hot_take,age-based assertion
Strikers are too soft in modern football,hot_take,softness claim
Guardiola's system only works with unlimited money,hot_take,reductive coaching criticism
The transition game was lightning quick today,reaction,transition pace
United's scouting is the worst in the league,hot_take,departmental criticism
The composure shown to score in injury time was impressive,reaction,pressure performance observation
Chelsea's attacking transitions improved after signing Enzo: his 94% pass completion on progressive passes (vs 87% for his predecessor) enables faster attacks. The data suggests fit-for-system impact.,analysis,player fit analysis
"Nkunku's post-injury data shows 12% reduction in explosive movements but maintained technical quality. Physical, not technical, recovery required.",analysis,recovery analysis
"Messi is the GOAT, no debate",hot_take,bare assertion
"Real Madrid's defensive recovery rate improved 22% after adding Tchouameni—specifically at winning possession in the attacking third. This tactical change enables more counter-attacks, evidenced by their 2.1 transition goals per game (up from 1.4).",analysis,systemic tactical improvement
The midfield controlled the entire game,reaction,midfield dominance observation
Guehi's tackle success rate (67%) improved to 79% after positional shift to left-side center-back. The new positioning reduces aerial challenges (his weakness).,analysis,positional optimization
"Mbappé's dribble success rate (0.62) vs Neymar's (0.58) needs context: Mbappé attempts more dribbles on the wing (8.2/90), while Neymar attempts fewer but from more congested areas (6.1/90). Volume-adjusted, their efficiency is closer.",analysis,contextual comparison
Wins against bottom teams don't count,hot_take,opponent dismissal
That was textbook defending from that player,reaction,defensive moment praise
Transfer fees are completely unrealistic now,hot_take,market criticism
That corner routine was perfectly executed,reaction,set-piece observation
"Arteta is overrated, got lucky with some wins",hot_take,coach dismissal
Antony was a horrible signing for United,hot_take,acquisition judgment
I loved how they set up their attack there,reaction,tactical setup appreciation
"Arsenal's inverted winger system (Saka right, Martinelli left) creates overloads on one flank while leaving the other exposed. This asymmetric approach works well against balanced defenses but struggles vs asymmetric systems.",analysis,system vulnerability analysis
What a way to break the deadlock,reaction,breakthrough observation
Pogba is massively overrated,hot_take,player dismissal
That assist was a dream ball for the striker,reaction,playmaking praise
The spacing was immaculate on that goal,reaction,tactical moment appreciation
Barcelona will never be relevant again,hot_take,institutional dismissal
I'm completely exhausted after watching that,reaction,viewer exhaustion
The control he showed on the ball was exceptional,reaction,technical observation
"Comparing cross accuracy by width: crosses from wings (18% conversion), from midfield zones (31%), from fullback overlap (27%). Zone matters more than player skill.",analysis,zone-based analysis
"Comparing penalty takers by pressure: Salah (penalty xG: 0.79, conversion: 89%), De Bruyne (0.79, conversion: 92%), Lewandowski (0.78, conversion: 91%). Elite penalties converge at ~90% despite psychological pressure.",analysis,stress performance analysis
Midweek matches are exhausting for no reason,hot_take,schedule criticism
"Just wow, what a moment in football history",reaction,historic moment response
"Son's goal involvement rate (0.23/90) has remained constant despite tactical system changes, suggesting consistency in positioning/movement independent of formation.",analysis,consistency analysis
Inverted fullbacks are just a fad,hot_take,trend dismissal
"United's offensive efficiency (xG/shot) declined from 0.14 to 0.11 despite similar possession. This suggests worse positioning, not worse shooting.",analysis,positioning efficiency
"Comparing defensive line depth: City (9m from goal, aggressive), Chelsea (13m, conservative). Strategic choice reflects pressing style, not defensive confidence.",analysis,defensive line strategy
That keeper made some world-class saves today,reaction,individual moment appreciation
Young players today have no mentality,hot_take,generational claim
"Comparing pressing height: Man City (35m from goal), Liverpool (38m), Arsenal (32m). These differences reflect tactical philosophy more than defensive quality.",analysis,tactical spacing
The pace of that counter-attack was rapid,reaction,action appreciation
The drama in that match was unbelievable,reaction,narrative response
What a journey to get to this point,reaction,seasonal reflection
Premier League refs are the worst in world football,hot_take,league-wide criticism
Ajax's academy produces 0.8 professional outfield players per youth cohort vs league average 0.3. Academy investment differences explain talent pipeline disparities.,analysis,system-wide analysis
Saka is not elite,hot_take,talent dismissal
English players are overrated in the transfer market,hot_take,market claim
"Liverpool's 4-2-3-1 vs 4-3-3 usage depends on opponent setup. Against high-press teams, the 4-2-3-1 provides midfield stability; against possession-heavy sides, the 4-3-3 offers better ball progression. Their choice of formation correlates with opponent press intensity.",analysis,conditional tactical reasoning
Arsenal will never win the league with this squad,hot_take,deterministic claim
The noise in the stadium when they scored was deafening,reaction,crowd reaction
Inter Milan's switch to 5-3-2 coincided with an 18% improvement in defensive solidity (xG against dropped from 1.3 to 1.06) but reduced offensive transitions by 22%. The tactical shift prioritizes defensive stability.,analysis,formation impact analysis
"What a header, absolute precision",reaction,aerial execution praise
Brighton's high press triggers on 70% of possessions but has only 45% success rate. This aggressive approach generates turnovers but overexposures defensive shape.,analysis,press efficiency
That chance at 35 minutes should have been a goal,reaction,missed opportunity reaction
The energy in the final minutes was absolutely electric,reaction,energy observation
Expected goals is a meaningless stat,hot_take,analytics dismissal
What a sequence of play that was,reaction,play appreciation
Modern kits are ugly and ruin the tradition,hot_take,aesthetic criticism
West Ham will never finish in European positions again,hot_take,team prediction
Klopp is finished at Liverpool,hot_take,coach judgment
Set piece defending in top leagues is pathetic,hot_take,tactical generalization
Bellingham is overrated,hot_take,market criticism
"Just beautiful football to watch, so fluent",reaction,style appreciation
What a performance! So impressive to watch,reaction,quality appreciation
The chemistry between those two players is obvious,reaction,relationship observation
"Comparing goalkeeper sweeper actions per game: Alisson (4.2), Mendy (3.8), De Gea (2.1). These differences correlate with team possession and passing style rather than pure shot-stopping ability.",analysis,keeper comparison
That was the most dominant performance of the season,reaction,performance assessment
"Just got back from the match, what a day",reaction,live attendance reflection
The pace of that game was insane from start to finish,reaction,tempo reaction
Serie A is a defensive boring league,hot_take,style-based dismissal
Defensive football is boring and ruins the sport,hot_take,style criticism
Playing attractive football is overrated,hot_take,style dismissal
"Vinícius Junior is a diver, not a top player",hot_take,character-based dismissal
"Atalanta's inverted fullbacks (LB to RB, RB to LB) occur in 45% of their build-ups. This tactical flexibility confuses marking but risks defensive asymmetry. Success rate: 67% vs 58% standard positioning.",analysis,tactical flexibility analysis
Forest's new manager is terrible,hot_take,coach judgment
I'm in awe of how he managed that tackle,reaction,defensive moment appreciation
"That was nervy at times, heart was in mouth",reaction,tension response
"That was classic derby football, so intense",reaction,match type observation
What a clinical finish that was,reaction,finishing appreciation
Penalty shootouts should never decide major games,hot_take,rule criticism
What a rollercoaster of emotions that game was,reaction,emotional journey
"Bayern's pressing success rate increased to 58% after implementing the 5-2-3 shape, but transitional vulnerabilities rose by 12%. The tradeoff suggests they prioritize possession retention over counter-defense.",analysis,statistical analysis with tradeoffs
PSG wasted 500 million euros on Neymar,hot_take,hyperbolic dismissal
"Midtable clubs should not exist, it's pointless to play",hot_take,systemic criticism
"What a finish, right into the top corner",reaction,finishing praise
"Neymar's xA (expected assists) at PSG (0.22) exceeded actual assists (0.18), suggesting unlucky finishing from teammates. This gap reduced at Al-Hilal (xA: 0.19, assists: 0.20), indicating better teammate conversion.",analysis,expected vs actual analysis
"Bundesliga is farmer's league, not a real competition",hot_take,reductive dismissal
"Van Dijk's positioning has evolved: fewer interceptions (5.2/90) but higher tackle success (78% vs 71% average). This suggests a shift toward body positioning over reactive defending, improving efficiency.",analysis,player evolution analysis
That penalty kick was perfectly struck,reaction,execution appreciation
Modern football is ruined by VAR,hot_take,technology dismissal
"Ligue 1 is a joke, PSG just buys the league",hot_take,reductive competition view
What a hit from outside the box!,reaction,strike appreciation
Arsenal's transition success improved 18% after Partey returned (from 52% to 61% successful transitions). His passing accuracy in transition (89% vs 76% team average) explains the impact.,analysis,player impact data
"Jude Bellingham's assist rate at Borussia Dortmund (0.28 per 90) didn't transfer to Real Madrid early season (0.12 per 90). Context: lower volume in attacking situations (4.2 vs 6.1 per 90), not reduced quality.",analysis,transition analysis
"FFP rules are a joke, no one follows them",hot_take,regulatory dismissal
Five substitutes should be illegal in football,hot_take,rule opinion
Brighton's success is unsustainable,hot_take,prediction without basis
Manchester United is the finished club,hot_take,dramatic generalization
Everton deserves to be relegated,hot_take,institutional dismissal
Young Ajax players are massively overrated,hot_take,academy dismissal
The way he received the ball and turned was pure class,reaction,technical skill appreciation
"Coaching in top leagues is overrated, it's all about talent",hot_take,coaching dismissal
"Liverpool's highest pressure success occurs in the 50-60th minute window (70% press success), while dropping to 48% in final 15 minutes. This fatigue pattern suggests rotation policy changes could improve late-game defensive solidity.",analysis,time-series analysis
"That was pure chaos, nobody controlled the game",reaction,match control observation
The passing in the midfield was so crisp today,reaction,execution observation
I laughed out loud at that own goal,reaction,comedy response
Ball possession means nothing in modern football,hot_take,metric dismissal
Grealish was a waste of 100 million,hot_take,acquisition criticism
I've never seen a player move that quickly across the pitch,reaction,physical performance observation
I can't believe we conceded in the 90th minute,reaction,late concession reaction
"Guardiola is a one-trick pony, just buys his way to titles",hot_take,coach dismissal
The way the crowd got behind them at the end was electric,reaction,atmosphere observation
"Brighton's defensive line positioning (11m from goal, highest in league) reflects their high-press gameplan. This aggressive positioning risks long-ball exploits, evidenced by 1.8 goals conceded from aerial attacks per season.",analysis,positioning analysis
"Salah's xA decreased (0.21 to 0.18) despite similar playing time, suggesting reduced creative opportunities (system change) rather than reduced ability.",analysis,opportunity analysis
The vision for that assist was incredible,reaction,playmaking appreciation
That was an absolute masterclass in defending,reaction,defensive moment praise
Liverpool's defense is absolutely shocking this season,hot_take,sweeping judgment
That was one of the most entertaining matches I've seen in years,reaction,match quality
I'm impressed by how clinical they were today,reaction,efficiency observation
Relegation would be good for Leeds,hot_take,competitive judgment
"Neymar is a fraud, all hype no substance",hot_take,character judgment
The money in football is destroying the sport,hot_take,systemic criticism
"Looking at Haaland's goal-to-shot ratio this season (0.47) compared to his historical average (0.44), combined with City's increased volume in the box (18.3 shots per game vs 17.2 last season), the improvement looks sustainable rather than lucky.",analysis,specific stats and reasoning
Álvarez will be a flop for Manchester City,hot_take,prediction without data
The awareness shown there was world-class,reaction,positional awareness
Trent Alexander-Arnold can't defend,hot_take,player skill dismissal
What an incredible individual moment that was,reaction,individual performance moment
"Mbappé is overrated, he only scores against weak teams",hot_take,unsubstantiated claim
Just watched the highlights. That goal was absolutely stunning!,reaction,immediate match reaction
Absolutely gutted with that result,reaction,emotional disappointment
Rice was overpriced at 100 million,hot_take,market judgment
I can't believe they didn't score that chance. What a miss!,reaction,emotional response to moment
The pressure was immense in those final minutes,reaction,pressure observation
"Tottenham's new high press (implemented week 8 of season) showed 58% success rate in weeks 8-15, declining to 42% by week 25 as teams adjusted. Tactical novelty advantage diminishes over time.",analysis,adaptation analysis
The pace of that counter-attack was breathtaking,reaction,counter-attack pace
What a technical display that was,reaction,technical appreciation
Weekend matches should always be Saturday at 3pm,hot_take,scheduling opinion
Haaland will never win a Ballon d'Or,hot_take,"bold prediction, no reasoning"
"Analyzing free-kick takers: Bernardo Silva (0.12 xG per attempt), De Bruyne (0.15 xG), Salah (0.08 xG). The variance reflects distance of attempts and curl accuracy, not just kick quality.",analysis,set-piece analysis
Modern pressing has killed defensive positioning,hot_take,tactical criticism
What a turnaround from the first 45 minutes,reaction,halftime reaction
The ESL teams have ruined football,hot_take,institutional dismissal
West Ham's set-piece defense improved by adding a second zonal defender (clean sheets +8 this month). Hybrid man-zonal approach yields better results.,analysis,hybrid defense analysis
I thought they were going to lose after that first half performance,reaction,comeback reaction
Video assistant referees have ruined the beautiful game,hot_take,technology criticism
De Bruyne is declining,hot_take,performance claim without data
"Comparing goalkeeper distribution by league: Premier League average long ball %: 32%, La Liga: 18%, Serie A: 25%. Playing style differences explain the variance in build-up approach.",analysis,league-wide analysis
What a professional performance under pressure,reaction,pressure handling
"The Premier League is just about money, no skill",hot_take,cynical dismissal
What a way to end the season,reaction,tournament moment reaction
Fulham's ambitions are unrealistic,hot_take,club dismissal
The movement off-the-ball was exceptional today,reaction,movement observation
The team showed real character in that comeback,reaction,character observation
Chelsea's new ownership is a disaster,hot_take,broad judgment
Young players today are soft compared to the 90s,hot_take,era-based generalization
Allison is the most overrated keeper in the world,hot_take,superlative without evidence
That free kick was placed perfectly in the top corner,reaction,execution praise
"The pressing triggers in Premier League teams vary: some press on throw-ins (Liverpool), others on back-pass (Man City). Chelsea's 'press on possession turnover' approach yields highest press success (64%) but risks counters.",analysis,strategic analysis
"Reus's performance correlates with Hummels' availability: in 40 games with Hummels, 1.2 goals + assists per 90; without, 0.8 per 90. The defensive platform impacts creative output.",analysis,interdependency analysis
Championship football is unwatchable garbage,hot_take,league dismissal
What a save! Keeper had an incredible game,reaction,goalkeeper moment
The intensity dropped completely in the second half,reaction,performance observation
Ferran Torres will never live up to expectations,hot_take,player prediction
That was one of the worst refereeing decisions I've seen,reaction,moment criticism
"Just watched the replay, he was definitely onside",reaction,rule application reaction
"Comparing young strikers by shot quality: Haaland (0.18 xG per shot), Kane (0.15), Mbappé (0.16). Haaland's superior positioning yields higher-quality chances, explaining output differential.",analysis,youth prospect analysis
Goal-line technology has made football boring,hot_take,technology criticism
Van Dijk is declining badly,hot_take,age-based judgment
Tottenham will always bottle it,hot_take,cultural generalization
That was the most chaotic match I've watched,reaction,match chaos
"Sevilla's defensive corners strategy: man-marking in near post (0-6m), zonal in far post (6-12m). Success rate: 88% clean sheet vs 73% pure zonal. The hybrid approach mitigates both attack types.",analysis,set-piece strategy analysis
Olise's xG-to-xA ratio (2.1:1) indicates scorer tendencies; Mahrez (1.4:1) more balanced. Role expectations should align with player tendencies.,analysis,player tendency analysis
"Rodri's defensive positioning (12.4m from goal, highest in league) enables greater passing range but increases one-on-one vulnerability. Risk-reward tradeoff is calculated.",analysis,positioning strategy
I'm still shaking from that last-minute winner,reaction,emotional response
Loyalty is dead in modern football,hot_take,cultural observation
Goal line technology has made football less interesting,hot_take,technology dismissal
No one under 6ft should play center back,hot_take,physical dismissal
That substitution changed the entire momentum of the game,reaction,tactical moment reaction
"PSV's 4-1-4-1 creates midfield overload (5v4 in typical scenarios), reflected in their 64% possession average. However, defensive compactness (12m between lines) leaves tactical weaknesses for counter-specialists.",analysis,formation structure analysis
The atmosphere in that stadium was incredible today,reaction,event impression
La Liga is boring and predictable,hot_take,league-wide generalization
